{
	"info": {
		"_postman_id": "48caf43d-0875-46a9-9b3d-0f973dcf1bfe",
		"name": "SalesForce",
		"schema": "https://schema.getpostman.com/json/collection/v2.1.0/collection.json"
	},
	"item": [
		{
			"name": "GetTokenForSaleForce",
			"event": [
				{
					"listen": "test",
					"script": {
						"exec": [
							"var res = pm.response.json();\r",
							"var accessToken = res.access_token;\r",
							"\r",
							"pm.collectionVariables.set(\"accessToken\", accessToken);"
						],
						"type": "text/javascript"
					}
				}
			],
			"request": {
				"auth": {
					"type": "noauth"
				},
				"method": "POST",
				"header": [],
				"body": {
					"mode": "urlencoded",
					"urlencoded": [
						{
							"key": "grant_type",
							"value": "password",
							"type": "default"
						},
						{
							"key": "client_id",
							"value": "3MVG9n_HvETGhr3A0LdjlSwYq6VXl7ftP_qtXc7dhY_o.Amd1mnWQzaUiYmGmp.JEibCCYu4_V6dEG.Bdt.Y_",
							"type": "default"
						},
						{
							"key": "client_secret",
							"value": "8D2EE135AA4FD467C1E6FDF25A30503AF6508177334C0AD6C8ED1CD55F751A9E",
							"type": "default"
						},
						{
							"key": "username",
							"value": "10win@gmail.com",
							"type": "default"
						},
						{
							"key": "password",
							"value": "Dasvin@2404",
							"type": "default"
						}
					]
				},
				"url": {
					"raw": "https://login.salesforce.com/services/oauth2/token",
					"protocol": "https",
					"host": [
						"login",
						"salesforce",
						"com"
					],
					"path": [
						"services",
						"oauth2",
						"token"
					]
				}
			},
			"response": []
		},
		{
			"name": "GetSoObject",
			"event": [
				{
					"listen": "test",
					"script": {
						"exec": [
							"pm.test(\"Status code is 200\", function () {\r",
							"    pm.response.to.have.status(200);\r",
							"});"
						],
						"type": "text/javascript"
					}
				}
			],
			"request": {
				"method": "GET",
				"header": [
					{
						"key": "",
						"value": "",
						"type": "default",
						"disabled": true
					}
				],
				"url": {
					"raw": "{{salesforce}}/services/data/v22.0/sobjects",
					"host": [
						"{{salesforce}}"
					],
					"path": [
						"services",
						"data",
						"v22.0",
						"sobjects"
					]
				}
			},
			"response": []
		},
		{
			"name": "PostDataFL",
			"event": [
				{
					"listen": "test",
					"script": {
						"exec": [
							"var res = pm.response.json();\r",
							"var sales_id = res.id;\r",
							"pm.globals.set(\"salesId\", sales_id);\r",
							"\r",
							"pm.test(\"Success value true\", function () {\r",
							"    pm.expect(pm.response.text()).to.include(\"true\");\r",
							"});"
						],
						"type": "text/javascript"
					}
				}
			],
			"request": {
				"method": "POST",
				"header": [],
				"body": {
					"mode": "raw",
					"raw": "{\r\n    \"FirstName\": \"Dasvin\",\r\n    \"LastName\": \"Kumar\"\r\n}",
					"options": {
						"raw": {
							"language": "json"
						}
					}
				},
				"url": {
					"raw": "{{salesforce}}/services/data/v22.0/sobjects/Contact",
					"host": [
						"{{salesforce}}"
					],
					"path": [
						"services",
						"data",
						"v22.0",
						"sobjects",
						"Contact"
					]
				}
			},
			"response": []
		},
		{
			"name": "UpdateMailingState",
			"event": [
				{
					"listen": "test",
					"script": {
						"exec": [
							"pm.test(\"Status code is 200\", function () {\r",
							"    pm.response.to.have.status(204);\r",
							"});\r",
							""
						],
						"type": "text/javascript"
					}
				}
			],
			"request": {
				"method": "PATCH",
				"header": [],
				"body": {
					"mode": "raw",
					"raw": "{\r\n    \"MailingState\": \"Tamil Nadu\"\r\n}",
					"options": {
						"raw": {
							"language": "json"
						}
					}
				},
				"url": {
					"raw": "{{salesforce}}/services/data/v22.0/sobjects/Contact/{{salesId}}",
					"host": [
						"{{salesforce}}"
					],
					"path": [
						"services",
						"data",
						"v22.0",
						"sobjects",
						"Contact",
						"{{salesId}}"
					]
				}
			},
			"response": []
		},
		{
			"name": "GetAllContactAndVerifyNewlyCreatedIsPresent",
			"event": [
				{
					"listen": "test",
					"script": {
						"exec": [
							"pm.test(\"Validate newly created contact\", function () {\r",
							"    pm.expect(pm.response.text()).to.include(\"Dasvin\", \"Kumar\");\r",
							"});"
						],
						"type": "text/javascript"
					}
				}
			],
			"request": {
				"method": "GET",
				"header": [],
				"url": {
					"raw": "{{salesforce}}/services/data/v22.0/sobjects/Contact",
					"host": [
						"{{salesforce}}"
					],
					"path": [
						"services",
						"data",
						"v22.0",
						"sobjects",
						"Contact"
					]
				}
			},
			"response": []
		},
		{
			"name": "deleteContact",
			"event": [
				{
					"listen": "test",
					"script": {
						"exec": [
							"pm.test(\"Status code is 204\", function () {\r",
							"    pm.response.to.have.status(204);\r",
							"});"
						],
						"type": "text/javascript"
					}
				}
			],
			"request": {
				"method": "DELETE",
				"header": [],
				"url": {
					"raw": "{{salesforce}}/services/data/v22.0/sobjects/Contact/{{salesId}}",
					"host": [
						"{{salesforce}}"
					],
					"path": [
						"services",
						"data",
						"v22.0",
						"sobjects",
						"Contact",
						"{{salesId}}"
					]
				}
			},
			"response": []
		},
		{
			"name": "PostWithCompany",
			"event": [
				{
					"listen": "test",
					"script": {
						"exec": [
							"var sale_id = pm.response.json().id;\r",
							"pm.globals.set(\"salesId\", sale_id);\r",
							"\r",
							"pm.test(\"Created\", function () {\r",
							"    pm.response.to.have.status(201);\r",
							"});\r",
							"\r",
							"pm.test(\"Response time is less than 800ms\", function () {\r",
							"    pm.expect(pm.response.responseTime).to.be.below(800);\r",
							"});"
						],
						"type": "text/javascript"
					}
				}
			],
			"request": {
				"method": "POST",
				"header": [],
				"body": {
					"mode": "raw",
					"raw": "{\r\n    \"FirstName\": \"Joee\",\r\n    \"LastName\": \"Smith\",\r\n    \"Company\": \"DemoOut\"  \r\n}",
					"options": {
						"raw": {
							"language": "json"
						}
					}
				},
				"url": {
					"raw": "{{salesforce}}/services/data/v22.0/sobjects/Lead",
					"host": [
						"{{salesforce}}"
					],
					"path": [
						"services",
						"data",
						"v22.0",
						"sobjects",
						"Lead"
					]
				}
			},
			"response": []
		},
		{
			"name": "UpdateCompanyLead",
			"event": [
				{
					"listen": "test",
					"script": {
						"exec": [
							"pm.test(\"Updated\", function () {\r",
							"    pm.response.to.have.status(204);\r",
							"});\r",
							"\r",
							"pm.test(\"Response time is less than 800ms\", function () {\r",
							"    pm.expect(pm.response.responseTime).to.be.below(800);\r",
							"});"
						],
						"type": "text/javascript"
					}
				}
			],
			"request": {
				"method": "PATCH",
				"header": [],
				"body": {
					"mode": "raw",
					"raw": "{\r\n    \"Company\": \"DemoIn\"\r\n}",
					"options": {
						"raw": {
							"language": "json"
						}
					}
				},
				"url": {
					"raw": "{{salesforce}}/services/data/v22.0/sobjects/Lead/{{salesId}}",
					"host": [
						"{{salesforce}}"
					],
					"path": [
						"services",
						"data",
						"v22.0",
						"sobjects",
						"Lead",
						"{{salesId}}"
					]
				}
			},
			"response": []
		},
		{
			"name": "DeleteLead",
			"event": [
				{
					"listen": "test",
					"script": {
						"exec": [
							"pm.test(\"Status code is 204\", function () {\r",
							"    pm.response.to.have.status(204);\r",
							"});\r",
							"\r",
							"pm.test(\"Response time is less than 800ms\", function () {\r",
							"    pm.expect(pm.response.responseTime).to.be.below(800);\r",
							"});"
						],
						"type": "text/javascript"
					}
				}
			],
			"request": {
				"method": "DELETE",
				"header": [],
				"url": {
					"raw": "{{salesforce}}/services/data/v22.0/sobjects/Lead/{{salesId}}",
					"host": [
						"{{salesforce}}"
					],
					"path": [
						"services",
						"data",
						"v22.0",
						"sobjects",
						"Lead",
						"{{salesId}}"
					]
				}
			},
			"response": []
		},
		{
			"name": "VerifyDelete",
			"event": [
				{
					"listen": "test",
					"script": {
						"exec": [
							"pm.test(\"Validate delete\", function () {\r",
							"    pm.expect(pm.response.text()).to.not.include(pm.globals.get(\"salesId\"));\r",
							"});\r",
							"\r",
							"pm.test(\"Response time is less than 800ms\", function () {\r",
							"    pm.expect(pm.response.responseTime).to.be.below(800);\r",
							"});"
						],
						"type": "text/javascript"
					}
				}
			],
			"request": {
				"method": "GET",
				"header": [],
				"url": {
					"raw": "{{salesforce}}/services/data/v22.0/sobjects/Lead",
					"host": [
						"{{salesforce}}"
					],
					"path": [
						"services",
						"data",
						"v22.0",
						"sobjects",
						"Lead"
					]
				}
			},
			"response": []
		}
	],
	"auth": {
		"type": "bearer",
		"bearer": [
			{
				"key": "token",
				"value": "{{accessToken}}",
				"type": "string"
			}
		]
	},
	"event": [
		{
			"listen": "prerequest",
			"script": {
				"type": "text/javascript",
				"exec": [
					""
				]
			}
		},
		{
			"listen": "test",
			"script": {
				"type": "text/javascript",
				"exec": [
					""
				]
			}
		}
	],
	"variable": [
		{
			"key": "accessToken",
			"value": "",
			"type": "default"
		}
	]
}