<?xml version="1.0" encoding="UTF-8"?>
<!DOCTYPE suite SYSTEM "https://testng.org/testng-1.0.dtd">
<suite name="Suite">
  <test thread-count="5" name="Test">
    <classes>
      <class name="week4Day1Assignment.PostRequest"/>
      <class name="week4Day1Assignment.GetRequest"/>
      <class name="week4Day1Assignment.PutRequest"/>
      <class name="week4Day1Assignment.PatchRequest"/>
      <class name="week4Day1Assignment.DeleteRequest"/>
    </classes>
  </test> <!-- Test -->
</suite> <!-- Suite -->
