{
	"id": "146e52f0-fd32-4814-8e58-8a3c0f4d5eb7",
	"values": [
		{
			"key": "GSys_id",
			"value": "",
			"type": "default",
			"enabled": true
		},
		{
			"key": "Short_Desc",
			"value": "",
			"type": "default",
			"enabled": true
		},
		{
			"key": "Desc",
			"value": "",
			"type": "default",
			"enabled": true
		},
		{
			"key": "ShortDesc_Update",
			"value": "",
			"type": "default",
			"enabled": true
		},
		{
			"key": "Desc_Update",
			"value": "",
			"type": "default",
			"enabled": true
		},
		{
			"key": "Jira_id",
			"value": "",
			"type": "default",
			"enabled": true
		},
		{
			"key": "summary",
			"value": "",
			"type": "default",
			"enabled": true
		},
		{
			"key": "description",
			"value": "",
			"type": "default",
			"enabled": true
		},
		{
			"key": "update_desc",
			"value": "",
			"type": "default",
			"enabled": true
		}
	],
	"name": "My Workspace Globals",
	"_postman_variable_scope": "globals",
	"_postman_exported_at": "2023-01-29T10:32:07.838Z",
	"_postman_exported_using": "Postman/10.8.0"
}