Short_Desc,Desc,ShortDesc_Update,Desc_Update
Data to Create and Update,Descripiton added,Update Short description,Updated Descripiton Data
Data to Create and Update,Descripiton added,Update Short description,Updated Descripiton Data
Data to Create and Update,Descripiton added,Update Short description,Updated Descripiton Data
Data to Create and Update,Descripiton added,Update Short description,Updated Descripiton Data
Data to Create and Update,Descripiton added,Update Short description,Updated Descripiton Data
Data to Create and Update,Descripiton added,Update Short description,Updated Descripiton Data
Data to Create and Update,Descripiton added,Update Short description,Updated Descripiton Data
