{
	"info": {
		"_postman_id": "70d65b1b-c120-44e2-9a2a-89c3f9df374c",
		"name": "ServiceNow-jan2023",
		"schema": "https://schema.getpostman.com/json/collection/v2.1.0/collection.json"
	},
	"item": [
		{
			"name": "Get All Change Request",
			"event": [
				{
					"listen": "test",
					"script": {
						"exec": [
							"pm.test(\"Status code is 200\", function () {\r",
							"    pm.response.to.have.status(200);\r",
							"});"
						],
						"type": "text/javascript"
					}
				}
			],
			"request": {
				"method": "GET",
				"header": [],
				"url": {
					"raw": "{{BaseUrl}}/api/now/table/{{Table_Name}}",
					"host": [
						"{{BaseUrl}}"
					],
					"path": [
						"api",
						"now",
						"table",
						"{{Table_Name}}"
					]
				}
			},
			"response": []
		},
		{
			"name": "post change request",
			"event": [
				{
					"listen": "test",
					"script": {
						"exec": [
							"pm.test(\"Created\", function () {\r",
							"    pm.response.to.have.status(201);\r",
							"});\r",
							"\r",
							"pm.test(\"My created Value\", function () {\r",
							"    pm.expect(pm.response.text()).to.include(\"10win created the this record for practice purpose\");\r",
							"});\r",
							"\r",
							"//save and extract sys id\r",
							"var res = pm.response.json();\r",
							"console.log(res.result.sys_id);\r",
							"var GlSysId = res.result.sys_id;\r",
							"pm.globals.set(\"GSys_id\", GlSysId);"
						],
						"type": "text/javascript"
					}
				}
			],
			"request": {
				"method": "POST",
				"header": [],
				"body": {
					"mode": "raw",
					"raw": "{\r\n    \"short_description\":\"My first record in api change request table\",\r\n    \"description\":\"10win created the this record for practice purpose\"\r\n}",
					"options": {
						"raw": {
							"language": "json"
						}
					}
				},
				"url": {
					"raw": "{{BaseUrl}}/api/now/table/{{Table_Name}}",
					"host": [
						"{{BaseUrl}}"
					],
					"path": [
						"api",
						"now",
						"table",
						"{{Table_Name}}"
					]
				}
			},
			"response": []
		},
		{
			"name": "Get Data using Query param",
			"event": [
				{
					"listen": "test",
					"script": {
						"exec": [
							"pm.test(\"Status code is 200\", function () {\r",
							"    pm.response.to.have.status(200);\r",
							"});\r",
							"//validate data\r",
							"pm.test(\"Body matches string\", function () {\r",
							"    pm.expect(pm.response.text()).to.include(\"10win created the this record for practice purpose\");\r",
							"});"
						],
						"type": "text/javascript"
					}
				}
			],
			"request": {
				"method": "GET",
				"header": [],
				"url": {
					"raw": "https://dev140626.service-now.com/api/now/table/{{Table_Name}}?sys_id={{GSys_id}}",
					"protocol": "https",
					"host": [
						"dev140626",
						"service-now",
						"com"
					],
					"path": [
						"api",
						"now",
						"table",
						"{{Table_Name}}"
					],
					"query": [
						{
							"key": "sys_id",
							"value": "{{GSys_id}}"
						}
					]
				}
			},
			"response": []
		},
		{
			"name": "fliter by SysParms Fields",
			"event": [
				{
					"listen": "test",
					"script": {
						"exec": [
							"pm.test(\"Status code is 200\", function () {\r",
							"    pm.response.to.have.status(200);\r",
							"});"
						],
						"type": "text/javascript"
					}
				}
			],
			"request": {
				"method": "GET",
				"header": [],
				"url": {
					"raw": "{{BaseUrl}}/api/now/table/{{Table_Name}}?sysparm_fields=number,sys_id,short_description",
					"host": [
						"{{BaseUrl}}"
					],
					"path": [
						"api",
						"now",
						"table",
						"{{Table_Name}}"
					],
					"query": [
						{
							"key": "sysparm_fields",
							"value": "number,sys_id,short_description"
						}
					]
				}
			},
			"response": []
		},
		{
			"name": "Modify Record Adding new field to existing record",
			"event": [
				{
					"listen": "test",
					"script": {
						"exec": [
							"pm.test(\"Status code is 200\", function () {\r",
							"    pm.response.to.have.status(200);\r",
							"});\r",
							"\r",
							"var res = pm.response.json();\r",
							"console.log(res.result.approval);\r",
							"\r",
							"pm.test(\"Approval\", function () {\r",
							"    pm.expect(pm.response.text()).to.include(\"approved\", \"updated record in api change request table\", \"10win updates this record for practice purpose\");\r",
							"});\r",
							""
						],
						"type": "text/javascript"
					}
				}
			],
			"request": {
				"method": "PUT",
				"header": [],
				"body": {
					"mode": "raw",
					"raw": "{\r\n    \"approval\":\"Approved\",\r\n    \"short_description\":\"updated record in api change request table\",\r\n    \"description\":\"10win updates this record for practice purpose\"\r\n}\r\n",
					"options": {
						"raw": {
							"language": "json"
						}
					}
				},
				"url": {
					"raw": "{{BaseUrl}}/api/now/table/{{Table_Name}}/{{GSys_id}}",
					"host": [
						"{{BaseUrl}}"
					],
					"path": [
						"api",
						"now",
						"table",
						"{{Table_Name}}",
						"{{GSys_id}}"
					]
				}
			},
			"response": []
		},
		{
			"name": "Patch Update Record like updating existing (correction)",
			"event": [
				{
					"listen": "test",
					"script": {
						"exec": [
							"pm.test(\"Partial Update\", function () {\r",
							"    pm.response.to.have.status(200);\r",
							"});\r",
							"\r",
							"pm.test(\"Body matches string\", function () {\r",
							"    pm.expect(pm.response.text()).to.include(\"10win first record in api change request table\");\r",
							"});"
						],
						"type": "text/javascript"
					}
				}
			],
			"request": {
				"method": "PATCH",
				"header": [],
				"body": {
					"mode": "raw",
					"raw": "{\r\n    \"short_description\":\"10win first record in api change request table\"\r\n}",
					"options": {
						"raw": {
							"language": "json"
						}
					}
				},
				"url": {
					"raw": "{{BaseUrl}}/api/now/table/{{Table_Name}}/{{GSys_id}}",
					"host": [
						"{{BaseUrl}}"
					],
					"path": [
						"api",
						"now",
						"table",
						"{{Table_Name}}",
						"{{GSys_id}}"
					]
				}
			},
			"response": []
		},
		{
			"name": "Delete the record",
			"event": [
				{
					"listen": "test",
					"script": {
						"exec": [
							"pm.test(\"Status code is 204 Deleted\", function () {\r",
							"    pm.response.to.have.status(204);\r",
							"});\r",
							""
						],
						"type": "text/javascript"
					}
				}
			],
			"request": {
				"method": "DELETE",
				"header": [],
				"url": {
					"raw": "{{BaseUrl}}/api/now/table/{{Table_Name}}/{{GSys_id}}",
					"host": [
						"{{BaseUrl}}"
					],
					"path": [
						"api",
						"now",
						"table",
						"{{Table_Name}}",
						"{{GSys_id}}"
					]
				}
			},
			"response": []
		},
		{
			"name": "Post Xml Req and Res",
			"event": [
				{
					"listen": "test",
					"script": {
						"exec": [
							"pm.test(\"Created\", function () {\r",
							"    pm.response.to.have.status(201);\r",
							"});\r",
							"\r",
							"pm.test(\"My created Value\", function () {\r",
							"    pm.expect(pm.response.text()).to.include(\"test data created for demo practice\", \"This is test data\");\r",
							"});\r",
							"\r",
							"var res = xml2Json(responseBody);\r",
							"var sys_id = res.response.result.sys_id;\r",
							"console.log(sys_id);\r",
							""
						],
						"type": "text/javascript"
					}
				}
			],
			"protocolProfileBehavior": {
				"disabledSystemHeaders": {
					"accept": true
				}
			},
			"request": {
				"method": "POST",
				"header": [
					{
						"key": "Content-Type",
						"value": "application/xml",
						"type": "default"
					},
					{
						"key": "Accept",
						"value": "application/xml",
						"type": "default"
					}
				],
				"body": {
					"mode": "raw",
					"raw": "<request>\r\n    <entry>\r\n        <short_description>test data created for demo practice</short_description>\r\n        <description>This is test data</description>\r\n</entry>\r\n</request>"
				},
				"url": {
					"raw": "{{BaseUrl}}/api/now/table/{{Table_Name}}",
					"host": [
						"{{BaseUrl}}"
					],
					"path": [
						"api",
						"now",
						"table",
						"{{Table_Name}}"
					]
				}
			},
			"response": []
		}
	],
	"auth": {
		"type": "basic",
		"basic": [
			{
				"key": "password",
				"value": "YaO9-A0opfR*",
				"type": "string"
			},
			{
				"key": "username",
				"value": "admin",
				"type": "string"
			}
		]
	},
	"event": [
		{
			"listen": "prerequest",
			"script": {
				"type": "text/javascript",
				"exec": [
					""
				]
			}
		},
		{
			"listen": "test",
			"script": {
				"type": "text/javascript",
				"exec": [
					""
				]
			}
		}
	],
	"variable": [
		{
			"key": "Table_Name",
			"value": "change_request",
			"type": "default"
		}
	]
}