{
	"info": {
		"_postman_id": "2ab9ea2b-b490-4d57-8ddd-f2dde6efb101",
		"name": "Week2Day1DataDrivenAssignment",
		"schema": "https://schema.getpostman.com/json/collection/v2.1.0/collection.json"
	},
	"item": [
		{
			"name": "post change request",
			"event": [
				{
					"listen": "test",
					"script": {
						"exec": [
							"pm.test(\"Created\", function () {\r",
							"    pm.response.to.have.status(201);\r",
							"});\r",
							"\r",
							"var shortDesc = pm.globals.get(\"Short_Desc\");\r",
							"\r",
							"pm.test(\"My created Value\", function () {\r",
							"    pm.expect(pm.response.text()).to.include(shortDesc);\r",
							"});\r",
							"\r",
							"//save and extract sys id\r",
							"var res = pm.response.json();\r",
							"console.log(res.result.sys_id);\r",
							"var globalSysId = res.result.sys_id;\r",
							"pm.globals.set(\"GSys_id\", globalSysId);"
						],
						"type": "text/javascript"
					}
				}
			],
			"request": {
				"method": "POST",
				"header": [],
				"body": {
					"mode": "raw",
					"raw": "{\r\n    \"short_description\":\"{{Short_Desc}}\",\r\n    \"description\":\"{{Desc}}\"\r\n}",
					"options": {
						"raw": {
							"language": "json"
						}
					}
				},
				"url": {
					"raw": "{{BaseUrl}}/api/now/table/{{Table_Name}}",
					"host": [
						"{{BaseUrl}}"
					],
					"path": [
						"api",
						"now",
						"table",
						"{{Table_Name}}"
					]
				}
			},
			"response": []
		},
		{
			"name": "Modify Record Adding new field to existing record",
			"event": [
				{
					"listen": "test",
					"script": {
						"exec": [
							"pm.test(\"Status code is 200\", function () {\r",
							"    pm.response.to.have.status(200);\r",
							"});\r",
							"\r",
							"var shortUpdate = pm.globals.get(\"ShortDesc_Update\");\r",
							"var DescUpdate = pm.globals.get(\"Desc_Update\");\r",
							"\r",
							"pm.test(\"DataUpdate\", function () {\r",
							"    pm.expect(pm.response.text()).to.include(\"Update Short description\", \"Updated Descripiton Data\");\r",
							"});\r",
							""
						],
						"type": "text/javascript"
					}
				}
			],
			"request": {
				"method": "PUT",
				"header": [],
				"body": {
					"mode": "raw",
					"raw": "{\r\n    \"short_description\":\"{{ShortDesc_Update}}\",\r\n    \"description\":\"{{Desc_Update}}\"\r\n}\r\n",
					"options": {
						"raw": {
							"language": "json"
						}
					}
				},
				"url": {
					"raw": "{{BaseUrl}}/api/now/table/{{Table_Name}}/{{GSys_id}}",
					"host": [
						"{{BaseUrl}}"
					],
					"path": [
						"api",
						"now",
						"table",
						"{{Table_Name}}",
						"{{GSys_id}}"
					]
				}
			},
			"response": []
		},
		{
			"name": "Delete the record",
			"event": [
				{
					"listen": "test",
					"script": {
						"exec": [
							"pm.test(\"Status code is 204 Deleted\", function () {\r",
							"    pm.response.to.have.status(204);\r",
							"});\r",
							""
						],
						"type": "text/javascript"
					}
				}
			],
			"request": {
				"method": "DELETE",
				"header": [],
				"url": {
					"raw": "{{BaseUrl}}/api/now/table/{{Table_Name}}/{{GSys_id}}",
					"host": [
						"{{BaseUrl}}"
					],
					"path": [
						"api",
						"now",
						"table",
						"{{Table_Name}}",
						"{{GSys_id}}"
					]
				}
			},
			"response": []
		}
	],
	"auth": {
		"type": "basic",
		"basic": [
			{
				"key": "password",
				"value": "YaO9-A0opfR*",
				"type": "string"
			},
			{
				"key": "username",
				"value": "admin",
				"type": "string"
			}
		]
	},
	"event": [
		{
			"listen": "prerequest",
			"script": {
				"type": "text/javascript",
				"exec": [
					""
				]
			}
		},
		{
			"listen": "test",
			"script": {
				"type": "text/javascript",
				"exec": [
					""
				]
			}
		}
	],
	"variable": [
		{
			"key": "Table_Name",
			"value": "change_request",
			"type": "default"
		}
	]
}