{
	"info": {
		"_postman_id": "9f2d2de8-f2db-458c-ba45-81c201f3c606",
		"name": "Week2Day1Variable",
		"schema": "https://schema.getpostman.com/json/collection/v2.1.0/collection.json"
	},
	"item": [
		{
			"name": "post change request",
			"event": [
				{
					"listen": "test",
					"script": {
						"exec": [
							"pm.test(\"Created\", function () {\r",
							"    pm.response.to.have.status(201);\r",
							"});\r",
							"\r",
							"pm.test(\"My created Value\", function () {\r",
							"    pm.expect(pm.response.text()).to.include(\"10win created the this record for practice purpose\");\r",
							"});\r",
							"\r",
							"//save and extract sys id\r",
							"var res = pm.response.json();\r",
							"console.log(res.result.sys_id);\r",
							"var globalSysId = res.result.sys_id;\r",
							"pm.globals.set(\"GSys_id\", globalSysId);"
						],
						"type": "text/javascript"
					}
				}
			],
			"request": {
				"method": "POST",
				"header": [],
				"body": {
					"mode": "raw",
					"raw": "{\r\n    \"short_description\":\"10win created the this record for practice purpose\",\r\n    \"description\":\"10win created the this Description record for practice purpose\"\r\n}",
					"options": {
						"raw": {
							"language": "json"
						}
					}
				},
				"url": {
					"raw": "{{BaseUrl}}/api/now/table/{{Table_Name}}",
					"host": [
						"{{BaseUrl}}"
					],
					"path": [
						"api",
						"now",
						"table",
						"{{Table_Name}}"
					]
				}
			},
			"response": []
		},
		{
			"name": "Modify Record Adding new field to existing record",
			"event": [
				{
					"listen": "test",
					"script": {
						"exec": [
							"pm.test(\"Status code is 200\", function () {\r",
							"    pm.response.to.have.status(200);\r",
							"});\r",
							"\r",
							"var res = pm.response.json();\r",
							"console.log(res.result.approval);\r",
							"\r",
							"pm.test(\"Approval\", function () {\r",
							"    pm.expect(pm.response.text()).to.include(\"approved\", \"updated record in api change request table\", \"10win updates this record for practice purpose\");\r",
							"});\r",
							""
						],
						"type": "text/javascript"
					}
				}
			],
			"request": {
				"method": "PUT",
				"header": [],
				"body": {
					"mode": "raw",
					"raw": "{\r\n    \"approval\":\"Approved\",\r\n    \"short_description\":\"updated record in api change request table\",\r\n    \"description\":\"10win updates this record for practice purpose\"\r\n}\r\n",
					"options": {
						"raw": {
							"language": "json"
						}
					}
				},
				"url": {
					"raw": "{{BaseUrl}}/api/now/table/{{Table_Name}}/{{GSys_id}}",
					"host": [
						"{{BaseUrl}}"
					],
					"path": [
						"api",
						"now",
						"table",
						"{{Table_Name}}",
						"{{GSys_id}}"
					]
				}
			},
			"response": []
		},
		{
			"name": "Patch Update Record like updating existing (correction)",
			"event": [
				{
					"listen": "test",
					"script": {
						"exec": [
							"pm.test(\"Partial Update\", function () {\r",
							"    pm.response.to.have.status(200);\r",
							"});\r",
							"\r",
							"pm.test(\"Body matches string\", function () {\r",
							"    pm.expect(pm.response.text()).to.include(\"10win first record in api change request table\");\r",
							"});"
						],
						"type": "text/javascript"
					}
				}
			],
			"request": {
				"method": "PATCH",
				"header": [],
				"body": {
					"mode": "raw",
					"raw": "{\r\n    \"short_description\":\"10win first record in api change request table\"\r\n}",
					"options": {
						"raw": {
							"language": "json"
						}
					}
				},
				"url": {
					"raw": "{{BaseUrl}}/api/now/table/{{Table_Name}}/{{GSys_id}}",
					"host": [
						"{{BaseUrl}}"
					],
					"path": [
						"api",
						"now",
						"table",
						"{{Table_Name}}",
						"{{GSys_id}}"
					]
				}
			},
			"response": []
		},
		{
			"name": "Delete the record",
			"event": [
				{
					"listen": "test",
					"script": {
						"exec": [
							"pm.test(\"Status code is 204 Deleted\", function () {\r",
							"    pm.response.to.have.status(204);\r",
							"});\r",
							""
						],
						"type": "text/javascript"
					}
				}
			],
			"request": {
				"method": "DELETE",
				"header": [],
				"url": {
					"raw": "{{BaseUrl}}/api/now/table/{{Table_Name}}/{{GSys_id}}",
					"host": [
						"{{BaseUrl}}"
					],
					"path": [
						"api",
						"now",
						"table",
						"{{Table_Name}}",
						"{{GSys_id}}"
					]
				}
			},
			"response": []
		}
	],
	"auth": {
		"type": "basic",
		"basic": [
			{
				"key": "password",
				"value": "YaO9-A0opfR*",
				"type": "string"
			},
			{
				"key": "username",
				"value": "admin",
				"type": "string"
			}
		]
	},
	"event": [
		{
			"listen": "prerequest",
			"script": {
				"type": "text/javascript",
				"exec": [
					""
				]
			}
		},
		{
			"listen": "test",
			"script": {
				"type": "text/javascript",
				"exec": [
					""
				]
			}
		}
	],
	"variable": [
		{
			"key": "Table_Name",
			"value": "change_request",
			"type": "default"
		}
	]
}